,s{R[h,s{,,aiNj,iNj,lij,lijj,lij
0,1,kC,吳,9,1920,2359183,1244322,1114861
1,2,X,吳,9,1920,756454,381293,375161
2,3,茧,吳,9,1920,845540,421069,424471
3,4,{錧,吳,9,1920,961768,485309,476459
4,5,Hc,吳,9,1920,898537,453682,444855
5,6,R`,吳,9,1920,968925,478328,490597
6,7,,吳,9,1920,1362750,673525,689225
7,8,錧,吳,9,1920,1350400,662128,688272
8,9,Ȗ،,吳,9,1920,1046479,514255,532224
9,10,Qn,吳,9,1920,1052610,514106,538504
10,11,ʌ,吳,9,1920,1319533,641161,678372
11,12,t,吳,9,1920,1336155,656968,679187
12,13,s,吳,9,1920,3699428,1952989,1746439
13,14,_ސ쌧,吳,9,1920,1323390,689751,633639
14,15,V,吳,9,1920,1776474,871532,904942
15,16,xR,吳,9,1920,724276,354775,369501
16,17,ΐ쌧,吳,9,1920,747360,364375,382985
17,18,䌧,吳,9,1920,599155,293181,305974
18,19,R,吳,9,1920,583453,290817,292636
19,20,쌧,吳,9,1920,1562722,758639,804083
20,21,򕌌,吳,9,1920,1070407,536334,534073
21,22,É,吳,9,1920,1550387,774169,776218
22,23,m,吳,9,1920,2089762,1033860,1055902
23,24,Od,吳,9,1920,1069270,525957,543313
24,25,ꌧ,吳,9,1920,651050,313737,337313
25,26,s{,吳,9,1920,1287147,650780,636367
26,27,{,吳,9,1920,2587847,1344846,1243001
27,28,Ɍ,吳,9,1920,2301799,1175426,1126373
28,29,ޗǌ,吳,9,1920,564607,280383,284224
29,30,a̎R,吳,9,1920,750411,372058,378353
30,31,挧,吳,9,1920,454675,222802,231873
31,32,,吳,9,1920,714712,354959,359753
32,33,R,吳,9,1920,1217698,605316,612382
33,34,L,吳,9,1920,1541905,775080,766825
34,35,R,吳,9,1920,1041013,521041,519972
35,36,,吳,9,1920,670212,331768,338444
36,37,쌧,吳,9,1920,677852,336195,341657
37,38,Q,吳,9,1920,1046720,515389,531331
38,39,m,吳,9,1920,670895,332087,338808
39,40,,吳,9,1920,2188249,1116818,1071431
40,41,ꌧ,吳,9,1920,673895,329962,343933
41,42,茧,吳,9,1920,1136182,584234,551948
42,43,F{,吳,9,1920,1233233,602389,630844
43,44,啪,吳,9,1920,860282,422708,437574
44,45,{茧,吳,9,1920,651097,326610,324487
45,46,,吳,9,1920,1415582,682243,733339
46,47,ꌧ,吳,9,1920,571572,274829,296743
47,1,kC,吳,14,1925,2498679,1305473,1193206
48,2,X,吳,14,1925,812977,408770,404207
49,3,茧,吳,14,1925,900984,448637,452347
50,4,{錧,吳,14,1925,1044036,525191,518845
51,5,Hc,吳,14,1925,936408,470737,465671
52,6,R`,吳,14,1925,1027297,506303,520994
53,7,,吳,14,1925,1437596,710606,726990
54,8,錧,吳,14,1925,1409092,693837,715255
55,9,Ȗ،,吳,14,1925,1090428,536259,554169
56,10,Qn,吳,14,1925,1118858,548633,570225
57,11,ʌ,吳,14,1925,1394461,682052,712409
58,12,t,吳,14,1925,1399257,691242,708015
59,13,s,吳,14,1925,4485144,2387609,2097535
60,14,_ސ쌧,吳,14,1925,1416792,739699,677093
61,15,V,吳,14,1925,1849807,913886,935921
62,16,xR,吳,14,1925,749243,368593,380650
63,17,ΐ쌧,吳,14,1925,750854,365597,385257
64,18,䌧,吳,14,1925,597899,293039,304860
65,19,R,吳,14,1925,600675,300289,300386
66,20,쌧,吳,14,1925,1629217,793875,835342
67,21,򕌌,吳,14,1925,1132557,567837,564720
68,22,É,吳,14,1925,1671217,835521,835696
69,23,m,吳,14,1925,2319494,1150325,1169169
70,24,Od,吳,14,1925,1107692,544752,562940
71,25,ꌧ,吳,14,1925,662412,321071,341341
72,26,s{,吳,14,1925,1406382,717464,688918
73,27,{,吳,14,1925,3059502,1594227,1465275
74,28,Ɍ,吳,14,1925,2454679,1239326,1215353
75,29,ޗǌ,吳,14,1925,583828,289770,294058
76,30,a̎R,吳,14,1925,787511,392191,395320
77,31,挧,吳,14,1925,472230,230580,241650
78,32,,吳,14,1925,722402,359987,362415
79,33,R,吳,14,1925,1238447,613619,624828
80,34,L,吳,14,1925,1617680,818266,799414
81,35,R,吳,14,1925,1094544,552793,541751
82,36,,吳,14,1925,689814,344550,345264
83,37,쌧,吳,14,1925,700308,351911,348397
84,38,Q,吳,14,1925,1096366,542271,554095
85,39,m,吳,14,1925,687478,341687,345791
86,40,,吳,14,1925,2301668,1166165,1135503
87,41,ꌧ,吳,14,1925,684831,336223,348608
88,42,茧,吳,14,1925,1163945,593472,570473
89,43,F{,吳,14,1925,1296086,637753,658333
90,44,啪,吳,14,1925,915136,451298,463838
91,45,{茧,吳,14,1925,691094,348088,343006
92,46,,吳,14,1925,1472193,713702,758491
93,47,ꌧ,吳,14,1925,557622,267933,289689
94,1,kC,a,5,1930,2812335,1468540,1343795
95,2,X,a,5,1930,879914,441441,438473
96,3,茧,a,5,1930,975771,486925,488846
97,4,{錧,a,5,1930,1142784,575335,567449
98,5,Hc,a,5,1930,987706,495009,492697
99,6,R`,a,5,1930,1080034,532377,547657
100,7,,a,5,1930,1508150,742342,765808
101,8,錧,a,5,1930,1487097,734059,753038
102,9,Ȗ،,a,5,1930,1141737,562839,578898
103,10,Qn,a,5,1930,1186080,581007,605073
104,11,ʌ,a,5,1930,1459172,718779,740393
105,12,t,a,5,1930,1470121,729439,740682
106,13,s,a,5,1930,5408678,2855323,2553355
107,14,_ސ쌧,a,5,1930,1619606,839309,780297
108,15,V,a,5,1930,1933326,955621,977705
109,16,xR,a,5,1930,778953,381809,397144
110,17,ΐ쌧,a,5,1930,756835,368402,388433
111,18,䌧,a,5,1930,618144,304525,313619
112,19,R,a,5,1930,631042,315327,315715
113,20,쌧,a,5,1930,1717118,832312,884806
114,21,򕌌,a,5,1930,1178405,591049,587356
115,22,É,a,5,1930,1797805,900640,897165
116,23,m,a,5,1930,2567413,1277720,1289693
117,24,Od,a,5,1930,1157407,571000,586407
118,25,ꌧ,a,5,1930,691631,337016,354615
119,26,s{,a,5,1930,1552832,792420,760412
120,27,{,a,5,1930,3540017,1845786,1694231
121,28,Ɍ,a,5,1930,2646301,1332918,1313383
122,29,ޗǌ,a,5,1930,596225,295456,300769
123,30,a̎R,a,5,1930,830748,415035,415713
124,31,挧,a,5,1930,489266,239084,250182
125,32,,a,5,1930,739507,368888,370619
126,33,R,a,5,1930,1283962,637965,645997
127,34,L,a,5,1930,1692136,856737,835399
128,35,R,a,5,1930,1135637,571642,563995
129,36,,a,5,1930,716544,356958,359586
130,37,쌧,a,5,1930,732816,368442,364374
131,38,Q,a,5,1930,1142122,564699,577423
132,39,m,a,5,1930,718152,357166,360986
133,40,,a,5,1930,2527119,1280624,1246495
134,41,ꌧ,a,5,1930,691565,337996,353569
135,42,茧,a,5,1930,1233362,630525,602837
136,43,F{,a,5,1930,1353993,664106,689887
137,44,啪,a,5,1930,945771,465994,479777
138,45,{茧,a,5,1930,760467,383128,377339
139,46,,a,5,1930,1556690,753644,803046
140,47,ꌧ,a,5,1930,577509,272797,304712
141,1,kC,a,10,1935,3068282,1593845,1474437
142,2,X,a,10,1935,967129,484277,482852
143,3,茧,a,10,1935,1046111,519485,526626
144,4,{錧,a,10,1935,1234801,622973,611828
145,5,Hc,a,10,1935,1037744,519249,518495
146,6,R`,a,10,1935,1116822,549060,567762
147,7,,a,10,1935,1581563,778732,802831
148,8,錧,a,10,1935,1548991,766423,782568
149,9,Ȗ،,a,10,1935,1195057,588545,606512
150,10,Qn,a,10,1935,1242453,606779,635674
151,11,ʌ,a,10,1935,1528854,753802,775052
152,12,t,a,10,1935,1546394,764751,781643
153,13,s,a,10,1935,6369919,3325696,3044223
154,14,_ސ쌧,a,10,1935,1840005,951348,888657
155,15,V,a,10,1935,1995777,982497,1013280
156,16,xR,a,10,1935,798890,388771,410119
157,17,ΐ쌧,a,10,1935,768416,370907,397509
158,18,䌧,a,10,1935,646659,316424,330235
159,19,R,a,10,1935,646727,319924,326803
160,20,쌧,a,10,1935,1714000,840103,873897
161,21,򕌌,a,10,1935,1225799,612366,613433
162,22,É,a,10,1935,1939860,966250,973610
163,23,m,a,10,1935,2862701,1418218,1444483
164,24,Od,a,10,1935,1174595,572356,602239
165,25,ꌧ,a,10,1935,711436,345185,366251
166,26,s{,a,10,1935,1702508,862998,839510
167,27,{,a,10,1935,4297174,2241666,2055508
168,28,Ɍ,a,10,1935,2923249,1466284,1456965
169,29,ޗǌ,a,10,1935,620471,306011,314460
170,30,a̎R,a,10,1935,864087,428638,435449
171,31,挧,a,10,1935,490461,239301,251160
172,32,,a,10,1935,747119,373292,373827
173,33,R,a,10,1935,1332647,658773,673874
174,34,L,a,10,1935,1804916,914185,890731
175,35,R,a,10,1935,1190542,598434,592108
176,36,,a,10,1935,728748,362042,366706
177,37,쌧,a,10,1935,748656,373522,375134
178,38,Q,a,10,1935,1164898,575627,589271
179,39,m,a,10,1935,714980,355225,359755
180,40,,a,10,1935,2755804,1392799,1363005
181,41,ꌧ,a,10,1935,686117,332764,353353
182,42,茧,a,10,1935,1296883,662174,634709
183,43,F{,a,10,1935,1387054,680409,706645
184,44,啪,a,10,1935,980458,481549,498909
185,45,{茧,a,10,1935,824431,416082,408349
186,46,,a,10,1935,1591466,773126,818340
187,47,ꌧ,a,10,1935,592494,281266,311228
188,1,kC,a,15,1940,3272718,1695600,1577118
189,2,X,a,15,1940,1000509,496614,503895
190,3,茧,a,15,1940,1095793,544276,551517
191,4,{錧,a,15,1940,1271238,637888,633350
192,5,Hc,a,15,1940,1052275,524018,528257
193,6,R`,a,15,1940,1119338,548404,570934
194,7,,a,15,1940,1625521,799788,825733
195,8,錧,a,15,1940,1620000,801914,818086
196,9,Ȗ،,a,15,1940,1206657,591599,615058
197,10,Qn,a,15,1940,1299027,637708,661319
198,11,ʌ,a,15,1940,1608039,798321,809718
199,12,t,a,15,1940,1588425,776541,811884
200,13,s,a,15,1940,7354971,3795875,3559096
201,14,_ސ쌧,a,15,1940,2188974,1137936,1051038
202,15,V,a,15,1940,2064402,1017080,1047322
203,16,xR,a,15,1940,822569,401261,421308
204,17,ΐ쌧,a,15,1940,757676,363922,393754
205,18,䌧,a,15,1940,643904,312075,331829
206,19,R,a,15,1940,663026,328056,334970
207,20,쌧,a,15,1940,1710729,833987,876742
208,21,򕌌,a,15,1940,1265024,632820,632204
209,22,É,a,15,1940,2017860,996813,1021047
210,23,m,a,15,1940,3166592,1582580,1584012
211,24,Od,a,15,1940,1198783,585427,613356
212,25,ꌧ,a,15,1940,703679,341631,362048
213,26,s{,a,15,1940,1729993,863494,866499
214,27,{,a,15,1940,4792966,2460574,2332392
215,28,Ɍ,a,15,1940,3221232,1622778,1598454
216,29,ޗǌ,a,15,1940,620509,305681,314828
217,30,a̎R,a,15,1940,865074,427217,437857
218,31,挧,a,15,1940,484390,233964,250426
219,32,,a,15,1940,740940,367855,373085
220,33,R,a,15,1940,1329358,651197,678161
221,34,L,a,15,1940,1869504,936936,932568
222,35,R,a,15,1940,1294242,658265,635977
223,36,,a,15,1940,718717,354423,364294
224,37,쌧,a,15,1940,730394,359139,371255
225,38,Q,a,15,1940,1178705,580839,597866
226,39,m,a,15,1940,709286,348907,360379
227,40,,a,15,1940,3094132,1577063,1517069
228,41,ꌧ,a,15,1940,701517,343047,358470
229,42,茧,a,15,1940,1370063,698627,671436
230,43,F{,a,15,1940,1368179,666886,701293
231,44,啪,a,15,1940,972975,473521,499454
232,45,{茧,a,15,1940,840357,417180,423177
233,46,,a,15,1940,1589467,765603,823864
234,47,ꌧ,a,15,1940,574579,270680,303899
235,1,kC,a,20,1945,3518389,1738623,1779766
236,2,X,a,20,1945,1083250,511798,571452
237,3,茧,a,20,1945,1227789,579741,648048
238,4,{錧,a,20,1945,1462254,684453,777801
239,5,Hc,a,20,1945,1211871,574732,637139
240,6,R`,a,20,1945,1326350,612300,714050
241,7,,a,20,1945,1957356,906765,1050591
242,8,錧,a,20,1945,1944344,907525,1036819
243,9,Ȗ،,a,20,1945,1546355,719529,826826
244,10,Qn,a,20,1945,1546081,723804,822277
245,11,ʌ,a,20,1945,2047261,955753,1091508
246,12,t,a,20,1945,1966862,908228,1058634
247,13,s,a,20,1945,3488284,1788145,1700139
248,14,_ސ쌧,a,20,1945,1865667,922522,943145
249,15,V,a,20,1945,2389653,1095809,1293844
250,16,xR,a,20,1945,953834,442490,511344
251,17,ΐ쌧,a,20,1945,887510,405264,482246
252,18,䌧,a,20,1945,724856,332461,392395
253,19,R,a,20,1945,839057,384255,454802
254,20,쌧,a,20,1945,2121050,973871,1147179
255,21,򕌌,a,20,1945,1518649,715800,802849
256,22,É,a,20,1945,2220358,1039175,1181183
257,23,m,a,20,1945,2857851,1357054,1500797
258,24,Od,a,20,1945,1394286,646954,747332
259,25,ꌧ,a,20,1945,860911,394802,466109
260,26,s{,a,20,1945,1603796,752494,851302
261,27,{,a,20,1945,2800958,1353776,1447182
262,28,Ɍ,a,20,1945,2821892,1344778,1477114
263,29,ޗǌ,a,20,1945,779685,355351,424334
264,30,a̎R,a,20,1945,936006,430015,505991
265,31,挧,a,20,1945,563220,255525,307695
266,32,,a,20,1945,860275,395360,464915
267,33,R,a,20,1945,1564626,728314,836312
268,34,L,a,20,1945,1885471,878343,1007128
269,35,R,a,20,1945,1356491,638167,718324
270,36,,a,20,1945,835763,386052,449711
271,37,쌧,a,20,1945,863700,396235,467465
272,38,Q,a,20,1945,1361484,635305,726179
273,39,m,a,20,1945,775578,357940,417638
274,40,,a,20,1945,2746855,1304677,1442178
275,41,ꌧ,a,20,1945,830431,379361,451070
276,42,茧,a,20,1945,1318589,618861,699728
277,43,F{,a,20,1945,1556490,715526,840964
278,44,啪,a,20,1945,1124513,520470,604043
279,45,{茧,a,20,1945,913687,426201,487486
280,46,,a,20,1945,1538466,699455,839011
281,1,kC,a,25,1950,4295567,2169393,2126174
282,2,X,a,25,1950,1282867,635547,647320
283,3,茧,a,25,1950,1346728,664000,682728
284,4,{錧,a,25,1950,1663442,828879,834563
285,5,Hc,a,25,1950,1309031,646445,662586
286,6,R`,a,25,1950,1357347,660555,696792
287,7,,a,25,1950,2062394,1006823,1055571
288,8,錧,a,25,1950,2039418,993694,1045724
289,9,Ȗ،,a,25,1950,1550462,752266,798196
290,10,Qn,a,25,1950,1601380,778910,822470
291,11,ʌ,a,25,1950,2146445,1049695,1096750
292,12,t,a,25,1950,2139037,1036932,1102105
293,13,s,a,25,1950,6277500,3169389,3108111
294,14,_ސ쌧,a,25,1950,2487665,1247934,1239731
295,15,V,a,25,1950,2460997,1194929,1266068
296,16,xR,a,25,1950,1008790,488850,519940
297,17,ΐ쌧,a,25,1950,957279,460859,496420
298,18,䌧,a,25,1950,752374,364343,388031
299,19,R,a,25,1950,811369,393550,417819
300,20,쌧,a,25,1950,2060831,1001192,1059639
301,21,򕌌,a,25,1950,1544538,762295,782243
302,22,É,a,25,1950,2471472,1206651,1264821
303,23,m,a,25,1950,3390585,1649189,1741396
304,24,Od,a,25,1950,1461197,704805,756392
305,25,ꌧ,a,25,1950,861180,413110,448070
306,26,s{,a,25,1950,1832934,891616,941318
307,27,{,a,25,1950,3857047,1899745,1957302
308,28,Ɍ,a,25,1950,3309935,1622755,1687180
309,29,ޗǌ,a,25,1950,763883,368863,395020
310,30,a̎R,a,25,1950,982113,475324,506789
311,31,挧,a,25,1950,600177,289787,310390
312,32,,a,25,1950,912551,444355,468196
313,33,R,a,25,1950,1661099,804357,856742
314,34,L,a,25,1950,2081967,1015955,1066012
315,35,R,a,25,1950,1540882,760220,780662
316,36,,a,25,1950,878511,427684,450827
317,37,쌧,a,25,1950,946022,457980,488042
318,38,Q,a,25,1950,1521878,742092,779786
319,39,m,a,25,1950,873874,425968,447906
320,40,,a,25,1950,3530169,1745606,1784563
321,41,ꌧ,a,25,1950,945082,455824,489258
322,42,茧,a,25,1950,1645492,812079,833413
323,43,F{,a,25,1950,1827582,882420,945162
324,44,啪,a,25,1950,1252999,604825,648174
325,45,{茧,a,25,1950,1091427,535107,556320
326,46,,a,25,1950,1804118,868963,935155
327,47,ꌧ,a,25,1950,914937,429432,485505
328,1,kC,a,30,1955,4773087,2428833,2344254
329,2,X,a,30,1955,1382523,678837,703686
330,3,茧,a,30,1955,1427097,698563,728534
331,4,{錧,a,30,1955,1727065,846404,880661
332,5,Hc,a,30,1955,1348871,660066,688805
333,6,R`,a,30,1955,1353649,651737,701912
334,7,,a,30,1955,2095237,1016756,1078481
335,8,錧,a,30,1955,2064037,1006093,1057944
336,9,Ȗ،,a,30,1955,1547580,749636,797944
337,10,Qn,a,30,1955,1613549,781607,831942
338,11,ʌ,a,30,1955,2262623,1110083,1152540
339,12,t,a,30,1955,2205060,1074181,1130879
340,13,s,a,30,1955,8037084,4115823,3921261
341,14,_ސ쌧,a,30,1955,2919497,1470415,1449082
342,15,V,a,30,1955,2473492,1195872,1277620
343,16,xR,a,30,1955,1021121,494109,527012
344,17,ΐ쌧,a,30,1955,966187,463477,502710
345,18,䌧,a,30,1955,754055,363770,390285
346,19,R,a,30,1955,807044,390205,416839
347,20,쌧,a,30,1955,2021292,979004,1042288
348,21,򕌌,a,30,1955,1583605,774062,809543
349,22,É,a,30,1955,2650435,1301198,1349237
350,23,m,a,30,1955,3769209,1829729,1939480
351,24,Od,a,30,1955,1485582,717819,767763
352,25,ꌧ,a,30,1955,853734,409813,443921
353,26,s{,a,30,1955,1935161,944278,990883
354,27,{,a,30,1955,4618308,2290170,2328138
355,28,Ɍ,a,30,1955,3620947,1773488,1847459
356,29,ޗǌ,a,30,1955,776861,377961,398900
357,30,a̎R,a,30,1955,1006819,490533,516286
358,31,挧,a,30,1955,614259,297015,317244
359,32,,a,30,1955,929066,456730,472336
360,33,R,a,30,1955,1689800,815837,873963
361,34,L,a,30,1955,2149044,1047184,1101860
362,35,R,a,30,1955,1609839,792546,817293
363,36,,a,30,1955,878109,427204,450905
364,37,쌧,a,30,1955,943823,456711,487112
365,38,Q,a,30,1955,1540628,749342,791286
366,39,m,a,30,1955,882683,429175,453508
367,40,,a,30,1955,3859764,1895365,1964399
368,41,ꌧ,a,30,1955,973749,470437,503312
369,42,茧,a,30,1955,1747596,859689,887907
370,43,F{,a,30,1955,1895663,917171,978492
371,44,啪,a,30,1955,1277199,616402,660797
372,45,{茧,a,30,1955,1139384,559771,579613
373,46,,a,30,1955,2044112,985617,1058495
374,47,ꌧ,a,30,1955,801065,381939,419126
375,1,kC,a,35,1960,5039206,2544753,2494453
376,2,X,a,35,1960,1426606,694037,732569
377,3,茧,a,35,1960,1448517,702697,745820
378,4,{錧,a,35,1960,1743195,848579,894616
379,5,Hc,a,35,1960,1335580,644671,690909
380,6,R`,a,35,1960,1320664,630997,689667
381,7,,a,35,1960,2051137,986836,1064301
382,8,錧,a,35,1960,2047024,1000184,1046840
383,9,Ȗ،,a,35,1960,1513624,729692,783932
384,10,Qn,a,35,1960,1578476,759639,818837
385,11,ʌ,a,35,1960,2430871,1200573,1230298
386,12,t,a,35,1960,2306010,1128734,1177276
387,13,s,a,35,1960,9683802,4997023,4686779
388,14,_ސ쌧,a,35,1960,3443176,1746926,1696250
389,15,V,a,35,1960,2442037,1177923,1264114
390,16,xR,a,35,1960,1032614,500545,532069
391,17,ΐ쌧,a,35,1960,973418,464889,508529
392,18,䌧,a,35,1960,752696,360288,392408
393,19,R,a,35,1960,782062,379057,403005
394,20,쌧,a,35,1960,1981433,954673,1026760
395,21,򕌌,a,35,1960,1638399,796825,841574
396,22,É,a,35,1960,2756271,1353122,1403149
397,23,m,a,35,1960,4206313,2064726,2141587
398,24,Od,a,35,1960,1485054,716715,768339
399,25,ꌧ,a,35,1960,842695,403281,439414
400,26,s{,a,35,1960,1993403,973040,1020363
401,27,{,a,35,1960,5504746,2766229,2738517
402,28,Ɍ,a,35,1960,3906487,1917887,1988600
403,29,ޗǌ,a,35,1960,781058,382494,398564
404,30,a̎R,a,35,1960,1002191,484994,517197
405,31,挧,a,35,1960,599135,286716,312419
406,32,,a,35,1960,888886,432481,456405
407,33,R,a,35,1960,1670454,797748,872706
408,34,L,a,35,1960,2184043,1058829,1125214
409,35,R,a,35,1960,1602207,780439,821768
410,36,,a,35,1960,847274,408300,438974
411,37,쌧,a,35,1960,918867,438924,479943
412,38,Q,a,35,1960,1500687,721311,779376
413,39,m,a,35,1960,854595,411162,443433
414,40,,a,35,1960,4006679,1954636,2052043
415,41,ꌧ,a,35,1960,942874,448797,494077
416,42,茧,a,35,1960,1760421,860623,899798
417,43,F{,a,35,1960,1856192,887038,969154
418,44,啪,a,35,1960,1239655,590963,648692
419,45,{茧,a,35,1960,1134590,552285,582305
420,46,,a,35,1960,1963104,935282,1027822
421,47,ꌧ,a,35,1960,883122,422843,460279
422,1,kC,a,40,1965,5171800,2583159,2588641
423,2,X,a,40,1965,1416591,682972,733619
424,3,茧,a,40,1965,1411118,679497,731621
425,4,{錧,a,40,1965,1753126,854043,899083
426,5,Hc,a,40,1965,1279835,614429,665406
427,6,R`,a,40,1965,1263103,605185,657918
428,7,,a,40,1965,1983754,954988,1028766
429,8,錧,a,40,1965,2056154,1007852,1048302
430,9,Ȗ،,a,40,1965,1521656,735781,785875
431,10,Qn,a,40,1965,1605584,778916,826668
432,11,ʌ,a,40,1965,3014983,1511947,1503036
433,12,t,a,40,1965,2701770,1343167,1358603
434,13,s,a,40,1965,10869244,5564583,5304661
435,14,_ސ쌧,a,40,1965,4430743,2280926,2149817
436,15,V,a,40,1965,2398931,1160283,1238648
437,16,xR,a,40,1965,1025465,491662,533803
438,17,ΐ쌧,a,40,1965,980499,468518,511981
439,18,䌧,a,40,1965,750557,359649,390908
440,19,R,a,40,1965,763194,367739,395455
441,20,쌧,a,40,1965,1958007,937219,1020788
442,21,򕌌,a,40,1965,1700365,821444,878921
443,22,É,a,40,1965,2912521,1428930,1483591
444,23,m,a,40,1965,4798653,2382085,2416568
445,24,Od,a,40,1965,1514467,727802,786665
446,25,ꌧ,a,40,1965,853385,409502,443883
447,26,s{,a,40,1965,2102808,1028073,1074735
448,27,{,a,40,1965,6657189,3355699,3301490
449,28,Ɍ,a,40,1965,4309944,2120749,2189195
450,29,ޗǌ,a,40,1965,825965,400353,425612
451,30,a̎R,a,40,1965,1026975,497256,529719
452,31,挧,a,40,1965,579853,275572,304281
453,32,,a,40,1965,821620,393670,427950
454,33,R,a,40,1965,1645135,781418,863717
455,34,L,a,40,1965,2281146,1107878,1173268
456,35,R,a,40,1965,1543573,740934,802639
457,36,,a,40,1965,815115,389795,425320
458,37,쌧,a,40,1965,900845,427058,473787
459,38,Q,a,40,1965,1446384,688063,758321
460,39,m,a,40,1965,812714,386725,425989
461,40,,a,40,1965,3964611,1911317,2053294
462,41,ꌧ,a,40,1965,871885,410937,460948
463,42,茧,a,40,1965,1641245,788667,852578
464,43,F{,a,40,1965,1770736,838584,932152
465,44,啪,a,40,1965,1187480,559433,628047
466,45,{茧,a,40,1965,1080692,517235,563457
467,46,,a,40,1965,1853541,872751,980790
468,47,ꌧ,a,40,1965,934176,447693,486483
469,1,kC,a,45,1970,5184287,2552806,2631481
470,2,X,a,45,1970,1427520,685477,742043
471,3,茧,a,45,1970,1371383,658458,712925
472,4,{錧,a,45,1970,1819223,889036,930187
473,5,Hc,a,45,1970,1241376,593232,648144
474,6,R`,a,45,1970,1225618,587515,638103
475,7,,a,45,1970,1946077,936202,1009875
476,8,錧,a,45,1970,2143551,1054003,1089548
477,9,Ȗ،,a,45,1970,1580021,769524,810497
478,10,Qn,a,45,1970,1658909,808270,850639
479,11,ʌ,a,45,1970,3866472,1951219,1915253
480,12,t,a,45,1970,3366624,1694854,1671770
481,13,s,a,45,1970,11408071,5801009,5607062
482,14,_ސ쌧,a,45,1970,5472247,2822212,2650035
483,15,V,a,45,1970,2360982,1140148,1220834
484,16,xR,a,45,1970,1029695,492492,537203
485,17,ΐ쌧,a,45,1970,1002420,480380,522040
486,18,䌧,a,45,1970,744230,356639,387591
487,19,R,a,45,1970,762029,366925,395104
488,20,쌧,a,45,1970,1956917,936354,1020563
489,21,򕌌,a,45,1970,1758954,848786,910168
490,22,É,a,45,1970,3089895,1516642,1573253
491,23,m,a,45,1970,5386163,2694991,2691172
492,24,Od,a,45,1970,1543083,742461,800622
493,25,ꌧ,a,45,1970,889768,429885,459883
494,26,s{,a,45,1970,2250087,1102011,1148076
495,27,{,a,45,1970,7620480,3823622,3796858
496,28,Ɍ,a,45,1970,4667928,2299961,2367967
497,29,ޗǌ,a,45,1970,930160,450668,479492
498,30,a̎R,a,45,1970,1042736,503202,539534
499,31,挧,a,45,1970,568777,269497,299280
500,32,,a,45,1970,773575,367658,405917
501,33,R,a,45,1970,1707026,819359,887667
502,34,L,a,45,1970,2436135,1188270,1247865
503,35,R,a,45,1970,1511448,719147,792301
504,36,,a,45,1970,791111,376729,414382
505,37,쌧,a,45,1970,907897,430773,477124
506,38,Q,a,45,1970,1418124,670980,747144
507,39,m,a,45,1970,786882,372014,414868
508,40,,a,45,1970,4027416,1932033,2095383
509,41,ꌧ,a,45,1970,838468,393631,444837
510,42,茧,a,45,1970,1570245,747971,822274
511,43,F{,a,45,1970,1700229,798152,902077
512,44,啪,a,45,1970,1155566,540541,615025
513,45,{茧,a,45,1970,1051105,498065,553040
514,46,,a,45,1970,1729150,803980,925170
515,47,ꌧ,a,45,1970,945111,451393,493718
516,1,kC,a,50,1975,5338206,2621285,2716921
517,2,X,a,50,1975,1468646,707232,761414
518,3,茧,a,50,1975,1385563,668193,717370
519,4,{錧,a,50,1975,1955267,960245,995022
520,5,Hc,a,50,1975,1232481,590492,641989
521,6,R`,a,50,1975,1220302,586918,633384
522,7,,a,50,1975,1970616,953449,1017167
523,8,錧,a,50,1975,2342198,1159707,1182491
524,9,Ȗ،,a,50,1975,1698003,834794,863209
525,10,Qn,a,50,1975,1756480,859364,897116
526,11,ʌ,a,50,1975,4821340,2437128,2384212
527,12,t,a,50,1975,4149147,2095295,2053852
528,13,s,a,50,1975,11673554,5913373,5760181
529,14,_ސ쌧,a,50,1975,6397748,3287118,3110630
530,15,V,a,50,1975,2391938,1160869,1231069
531,16,xR,a,50,1975,1070791,514991,555800
532,17,ΐ쌧,a,50,1975,1069872,518594,551278
533,18,䌧,a,50,1975,773599,373416,400183
534,19,R,a,50,1975,783050,379283,403767
535,20,쌧,a,50,1975,2017564,972471,1045093
536,21,򕌌,a,50,1975,1867978,907382,960596
537,22,É,a,50,1975,3308799,1627797,1681002
538,23,m,a,50,1975,5923569,2966388,2957181
539,24,Od,a,50,1975,1626002,787280,838722
540,25,ꌧ,a,50,1975,985621,481733,503888
541,26,s{,a,50,1975,2424856,1190854,1234002
542,27,{,a,50,1975,8278925,4132495,4146430
543,28,Ɍ,a,50,1975,4992140,2453277,2538863
544,29,ޗǌ,a,50,1975,1077491,523633,553858
545,30,a̎R,a,50,1975,1072118,517868,554250
546,31,挧,a,50,1975,581311,277151,304160
547,32,,a,50,1975,768886,367060,401826
548,33,R,a,50,1975,1814305,878132,936173
549,34,L,a,50,1975,2646324,1296677,1349647
550,35,R,a,50,1975,1555218,743833,811385
551,36,,a,50,1975,805166,384812,420354
552,37,쌧,a,50,1975,961292,461370,499922
553,38,Q,a,50,1975,1465215,697794,767421
554,39,m,a,50,1975,808397,383538,424859
555,40,,a,50,1975,4292963,2070190,2222773
556,41,ꌧ,a,50,1975,837674,394661,443013
557,42,茧,a,50,1975,1571912,750418,821494
558,43,F{,a,50,1975,1715273,809998,905275
559,44,啪,a,50,1975,1190314,561760,628554
560,45,{茧,a,50,1975,1085055,515236,569819
561,46,,a,50,1975,1723902,804365,919537
562,47,ꌧ,a,50,1975,1042572,510754,531818
563,1,kC,a,55,1980,5575989,2737089,2838900
564,2,X,a,55,1980,1523907,735444,788463
565,3,茧,a,55,1980,1421927,688460,733467
566,4,{錧,a,55,1980,2082320,1025903,1056417
567,5,Hc,a,55,1980,1256745,603403,653342
568,6,R`,a,55,1980,1251917,605407,646510
569,7,,a,55,1980,2035272,990575,1044697
570,8,錧,a,55,1980,2558007,1272533,1285474
571,9,Ȗ،,a,55,1980,1792201,885573,906628
572,10,Qn,a,55,1980,1848562,908871,939691
573,11,ʌ,a,55,1980,5420480,2739175,2681305
574,12,t,a,55,1980,4735424,2383157,2352267
575,13,s,a,55,1980,11618281,5856280,5762001
576,14,_ސ쌧,a,55,1980,6924348,3536021,3388327
577,15,V,a,55,1980,2451357,1193653,1257704
578,16,xR,a,55,1980,1103459,532686,570773
579,17,ΐ쌧,a,55,1980,1119304,542782,576522
580,18,䌧,a,55,1980,794354,384269,410085
581,19,R,a,55,1980,804256,391649,412607
582,20,쌧,a,55,1980,2083934,1008885,1075049
583,21,򕌌,a,55,1980,1960107,954018,1006089
584,22,É,a,55,1980,3446804,1695778,1751026
585,23,m,a,55,1980,6221638,3112306,3109332
586,24,Od,a,55,1980,1686936,817578,869358
587,25,ꌧ,a,55,1980,1079898,529208,550690
588,26,s{,a,55,1980,2527330,1238365,1288965
589,27,{,a,55,1980,8473446,4203838,4269608
590,28,Ɍ,a,55,1980,5144892,2512358,2632534
591,29,ޗǌ,a,55,1980,1209365,587067,622298
592,30,a̎R,a,55,1980,1087012,523467,563545
593,31,挧,a,55,1980,604221,289946,314275
594,32,,a,55,1980,784795,377499,407296
595,33,R,a,55,1980,1871023,905477,965546
596,34,L,a,55,1980,2739161,1336806,1402355
597,35,R,a,55,1980,1587079,759255,827824
598,36,,a,55,1980,825261,395994,429267
599,37,쌧,a,55,1980,999864,481104,518760
600,38,Q,a,55,1980,1506637,718517,788120
601,39,m,a,55,1980,831275,396418,434857
602,40,,a,55,1980,4553461,2200450,2353011
603,41,ꌧ,a,55,1980,865574,410912,454662
604,42,茧,a,55,1980,1590564,758374,832190
605,43,F{,a,55,1980,1790327,850831,939496
606,44,啪,a,55,1980,1228913,583097,645816
607,45,{茧,a,55,1980,1151587,550207,601380
608,46,,a,55,1980,1784623,839392,945231
609,47,ꌧ,a,55,1980,1106559,543692,562867
610,1,kC,a,60,1985,5679439,2766296,2913143
611,2,X,a,60,1985,1524448,731439,793009
612,3,茧,a,60,1985,1433611,691740,741871
613,4,{錧,a,60,1985,2176295,1071741,1104554
614,5,Hc,a,60,1985,1254032,599591,654441
615,6,R`,a,60,1985,1261662,609417,652245
616,7,,a,60,1985,2080304,1012456,1067848
617,8,錧,a,60,1985,2725005,1357963,1367042
618,9,Ȗ،,a,60,1985,1866066,924221,941845
619,10,Qn,a,60,1985,1921259,947013,974246
620,11,ʌ,a,60,1985,5863678,2961591,2902087
621,12,t,a,60,1985,5148163,2588365,2559798
622,13,s,a,60,1985,11829363,5955029,5874334
623,14,_ސ쌧,a,60,1985,7431974,3804081,3627893
624,15,V,a,60,1985,2478470,1205071,1273399
625,16,xR,a,60,1985,1118369,538955,579414
626,17,ΐ쌧,a,60,1985,1152325,557664,594661
627,18,䌧,a,60,1985,817633,397115,420518
628,19,R,a,60,1985,832832,407910,424922
629,20,쌧,a,60,1985,2136927,1038070,1098857
630,21,򕌌,a,60,1985,2028536,986919,1041617
631,22,É,a,60,1985,3574692,1759455,1815237
632,23,m,a,60,1985,6455172,3228724,3226448
633,24,Od,a,60,1985,1747311,847420,899891
634,25,ꌧ,a,60,1985,1155844,568735,587109
635,26,s{,a,60,1985,2586574,1264035,1322539
636,27,{,a,60,1985,8668095,4286445,4381650
637,28,Ɍ,a,60,1985,5278050,2567814,2710236
638,29,ޗǌ,a,60,1985,1304866,632955,671911
639,30,a̎R,a,60,1985,1087206,520172,567034
640,31,挧,a,60,1985,616024,295511,320513
641,32,,a,60,1985,794629,382893,411736
642,33,R,a,60,1985,1916906,926238,990668
643,34,L,a,60,1985,2819200,1373853,1445347
644,35,R,a,60,1985,1601627,763803,837824
645,36,,a,60,1985,834889,399689,435200
646,37,쌧,a,60,1985,1022569,492696,529873
647,38,Q,a,60,1985,1529983,728506,801477
648,39,m,a,60,1985,839784,398408,441376
649,40,,a,60,1985,4719259,2270496,2448763
650,41,ꌧ,a,60,1985,880013,417308,462705
651,42,茧,a,60,1985,1593968,757617,836351
652,43,F{,a,60,1985,1837747,872932,964815
653,44,啪,a,60,1985,1250214,593014,657200
654,45,{茧,a,60,1985,1175543,558355,617188
655,46,,a,60,1985,1819270,856493,962777
656,47,ꌧ,a,60,1985,1179097,581102,597995
657,1,kC,,2,1990,5643647,2722988,2920659
658,2,X,,2,1990,1482873,704758,778115
659,3,茧,,2,1990,1416928,680197,736731
660,4,{錧,,2,1990,2248558,1105103,1143455
661,5,Hc,,2,1990,1227478,584678,642800
662,6,R`,,2,1990,1258390,607041,651349
663,7,,,2,1990,2104058,1024354,1079704
664,8,錧,,2,1990,2845382,1419117,1426265
665,9,Ȗ،,,2,1990,1935168,962571,972597
666,10,Qn,,2,1990,1966265,971704,994561
667,11,ʌ,,2,1990,6405319,3245868,3159451
668,12,t,,2,1990,5555429,2802774,2752655
669,13,s,,2,1990,11855563,5969773,5885790
670,14,_ސ쌧,,2,1990,7980391,4098147,3882244
671,15,V,,2,1990,2474583,1200376,1274207
672,16,xR,,2,1990,1120161,538640,581521
673,17,ΐ쌧,,2,1990,1164628,562684,601944
674,18,䌧,,2,1990,823585,400391,423194
675,19,R,,2,1990,852966,418701,434265
676,20,쌧,,2,1990,2156627,1048109,1108518
677,21,򕌌,,2,1990,2066569,1003933,1062636
678,22,É,,2,1990,3670840,1808951,1861889
679,23,m,,2,1990,6690603,3354827,3335776
680,24,Od,,2,1990,1792514,869515,922999
681,25,ꌧ,,2,1990,1222411,601082,621329
682,26,s{,,2,1990,2602460,1267620,1334840
683,27,{,,2,1990,8734516,4308184,4426332
684,28,Ɍ,,2,1990,5405040,2619692,2785348
685,29,ޗǌ,,2,1990,1375481,663591,711890
686,30,a̎R,,2,1990,1074325,510777,563548
687,31,挧,,2,1990,615722,294899,320823
688,32,,,2,1990,781021,373618,407403
689,33,R,,2,1990,1925877,926721,999156
690,34,L,,2,1990,2849847,1385297,1464550
691,35,R,,2,1990,1572616,744844,827772
692,36,,,2,1990,831598,395906,435692
693,37,쌧,,2,1990,1023412,491621,531791
694,38,Q,,2,1990,1515025,716940,798085
695,39,m,,2,1990,825034,389063,435971
696,40,,,2,1990,4811050,2303487,2507563
697,41,ꌧ,,2,1990,877851,414673,463178
698,42,茧,,2,1990,1562959,736729,826230
699,43,F{,,2,1990,1840326,869441,970885
700,44,啪,,2,1990,1236942,584672,652270
701,45,{茧,,2,1990,1168907,551524,617383
702,46,,,2,1990,1797824,842474,955350
703,47,ꌧ,,2,1990,1222398,598669,623729
704,1,kC,,7,1995,5692321,2736844,2955477
705,2,X,,7,1995,1481663,704189,777474
706,3,茧,,7,1995,1419505,681986,737519
707,4,{錧,,7,1995,2328739,1144739,1184000
708,5,Hc,,7,1995,1213667,577535,636132
709,6,R`,,7,1995,1256958,607316,649642
710,7,,,7,1995,2133592,1042030,1091562
711,8,錧,,7,1995,2955530,1476437,1479093
712,9,Ȗ،,,7,1995,1984390,987426,996964
713,10,Qn,,7,1995,2003540,989610,1013930
714,11,ʌ,,7,1995,6759311,3419218,3340093
715,12,t,,7,1995,5797782,2923839,2873943
716,13,s,,7,1995,11773605,5892704,5880901
717,14,_ސ쌧,,7,1995,8245900,4209525,4036375
718,15,V,,7,1995,2488364,1209833,1278531
719,16,xR,,7,1995,1123125,540921,582204
720,17,ΐ쌧,,7,1995,1180068,570835,609233
721,18,䌧,,7,1995,826996,401860,425136
722,19,R,,7,1995,881996,434707,447289
723,20,쌧,,7,1995,2193984,1070471,1123513
724,21,򕌌,,7,1995,2100315,1019549,1080766
725,22,É,,7,1995,3737689,1841947,1895742
726,23,m,,7,1995,6868336,3439180,3429156
727,24,Od,,7,1995,1841358,893982,947376
728,25,ꌧ,,7,1995,1287005,634648,652357
729,26,s{,,7,1995,2629592,1276838,1352754
730,27,{,,7,1995,8797268,4321575,4475693
731,28,Ɍ,,7,1995,5401877,2612369,2789508
732,29,ޗǌ,,7,1995,1430862,688741,742121
733,30,a̎R,,7,1995,1080435,513450,566985
734,31,挧,,7,1995,614929,294414,320515
735,32,,,7,1995,771441,368789,402652
736,33,R,,7,1995,1950750,938439,1012311
737,34,L,,7,1995,2881748,1398986,1482762
738,35,R,,7,1995,1555543,736555,818988
739,36,,,7,1995,832427,395636,436791
740,37,쌧,,7,1995,1027006,493482,533524
741,38,Q,,7,1995,1506700,712518,794182
742,39,m,,7,1995,816704,384446,432258
743,40,,,7,1995,4933393,2357525,2575868
744,41,ꌧ,,7,1995,884316,418666,465650
745,42,茧,,7,1995,1544934,726894,818040
746,43,F{,,7,1995,1859793,879873,979920
747,44,啪,,7,1995,1231306,581909,649397
748,45,{茧,,7,1995,1175819,556245,619574
749,46,,,7,1995,1794224,840980,953244
750,47,ꌧ,,7,1995,1273440,624737,648703
751,1,kC,,12,2000,5683062,2719389,2963673
752,2,X,,12,2000,1475728,702573,773155
753,3,茧,,12,2000,1416180,681238,734942
754,4,{錧,,12,2000,2365320,1158622,1206698
755,5,Hc,,12,2000,1189279,564556,624723
756,6,R`,,12,2000,1244147,601372,642775
757,7,,,12,2000,2126935,1037787,1089148
758,8,錧,,12,2000,2985676,1488340,1497336
759,9,Ȗ،,,12,2000,2004817,995859,1008958
760,10,Qn,,12,2000,2024852,999349,1025503
761,11,ʌ,,12,2000,6938006,3500224,3437782
762,12,t,,12,2000,5926285,2976984,2949301
763,13,s,,12,2000,12064101,6028562,6035539
764,14,_ސ쌧,,12,2000,8489974,4308786,4181188
765,15,V,,12,2000,2475733,1202004,1273729
766,16,xR,,12,2000,1120851,540212,580639
767,17,ΐ쌧,,12,2000,1180977,572244,608733
768,18,䌧,,12,2000,828944,402367,426577
769,19,R,,12,2000,888172,436837,451335
770,20,쌧,,12,2000,2215168,1080986,1134182
771,21,򕌌,,12,2000,2107700,1022186,1085514
772,22,É,,12,2000,3767393,1857031,1910362
773,23,m,,12,2000,7043300,3525698,3517602
774,24,Od,,12,2000,1857339,901380,955959
775,25,ꌧ,,12,2000,1342832,663432,679400
776,26,s{,,12,2000,2644391,1278142,1366249
777,27,{,,12,2000,8805081,4304059,4501022
778,28,Ɍ,,12,2000,5550574,2674625,2875949
779,29,ޗǌ,,12,2000,1442795,691098,751697
780,30,a̎R,,12,2000,1069912,506882,563030
781,31,挧,,12,2000,613289,293403,319886
782,32,,,12,2000,761503,363994,397509
783,33,R,,12,2000,1950828,936044,1014784
784,34,L,,12,2000,2878915,1392496,1486419
785,35,R,,12,2000,1527964,722683,805281
786,36,,,12,2000,824108,391718,432390
787,37,쌧,,12,2000,1022890,491761,531129
788,38,Q,,12,2000,1493092,704289,788803
789,39,m,,12,2000,813949,383859,430090
790,40,,,12,2000,5015699,2388824,2626875
791,41,ꌧ,,12,2000,876654,414377,462277
792,42,茧,,12,2000,1516523,712346,804177
793,43,F{,,12,2000,1859344,878145,981199
794,44,啪,,12,2000,1221140,575985,645155
795,45,{茧,,12,2000,1170007,552160,617847
796,46,,,12,2000,1786194,837979,948215
797,47,ꌧ,,12,2000,1318220,647877,670343
798,1,kC,,17,2005,5627737,2675033,2952704
799,2,X,,17,2005,1436657,679077,757580
800,3,茧,,17,2005,1385041,663580,721461
801,4,{錧,,17,2005,2360218,1149172,1211046
802,5,Hc,,17,2005,1145501,540539,604962
803,6,R`,,17,2005,1216181,585023,631158
804,7,,,17,2005,2091319,1016724,1074595
805,8,錧,,17,2005,2975167,1479941,1495226
806,9,Ȗ،,,17,2005,2016631,1002114,1014517
807,10,Qn,,17,2005,2024135,996346,1027789
808,11,ʌ,,17,2005,7054243,3554843,3499400
809,12,t,,17,2005,6056462,3029486,3026976
810,13,s,,17,2005,12576601,6264895,6311706
811,14,_ސ쌧,,17,2005,8791597,4444555,4347042
812,15,V,,17,2005,2431459,1176919,1254540
813,16,xR,,17,2005,1111729,535617,576112
814,17,ΐ쌧,,17,2005,1174026,567060,606966
815,18,䌧,,17,2005,821592,397271,424321
816,19,R,,17,2005,884515,433569,450946
817,20,쌧,,17,2005,2196114,1068203,1127911
818,21,򕌌,,17,2005,2107226,1020570,1086656
819,22,É,,17,2005,3792377,1868458,1923919
820,23,m,,17,2005,7254704,3638994,3615710
821,24,Od,,17,2005,1866963,907214,959749
822,25,ꌧ,,17,2005,1380361,681474,698887
823,26,s{,,17,2005,2647660,1272993,1374667
824,27,{,,17,2005,8817166,4280622,4536544
825,28,Ɍ,,17,2005,5590601,2680288,2910313
826,29,ޗǌ,,17,2005,1421310,676375,744935
827,30,a̎R,,17,2005,1035969,488022,547947
828,31,挧,,17,2005,607012,290190,316822
829,32,,,17,2005,742223,353703,388520
830,33,R,,17,2005,1957264,938600,1018664
831,34,L,,17,2005,2876642,1390190,1486452
832,35,R,,17,2005,1492606,703721,788885
833,36,,,17,2005,809950,384635,425315
834,37,쌧,,17,2005,1012400,486108,526292
835,38,Q,,17,2005,1467815,691677,776138
836,39,m,,17,2005,796292,374435,421857
837,40,,,17,2005,5049908,2394094,2655814
838,41,ꌧ,,17,2005,866369,408230,458139
839,42,茧,,17,2005,1478632,691444,787188
840,43,F{,,17,2005,1842233,866916,975317
841,44,啪,,17,2005,1209571,569796,639775
842,45,{茧,,17,2005,1153042,542113,610929
843,46,,,17,2005,1753179,819646,933533
844,47,ꌧ,,17,2005,1361594,668502,693092
845,1,kC,,22,2010,5506419,2603345,2903074
846,2,X,,22,2010,1373339,646141,727198
847,3,茧,,22,2010,1330147,634971,695176
848,4,{錧,,22,2010,2348165,1139566,1208599
849,5,Hc,,22,2010,1085997,509926,576071
850,6,R`,,22,2010,1168924,560643,608281
851,7,,,22,2010,2029064,984682,1044382
852,8,錧,,22,2010,2969770,1479779,1489991
853,9,Ȗ،,,22,2010,2007683,996855,1010828
854,10,Qn,,22,2010,2008068,988019,1020049
855,11,ʌ,,22,2010,7194556,3608711,3585845
856,12,t,,22,2010,6216289,3098139,3118150
857,13,s,,22,2010,13159388,6512110,6647278
858,14,_ސ쌧,,22,2010,9048331,4544545,4503786
859,15,V,,22,2010,2374450,1148236,1226214
860,16,xR,,22,2010,1093247,526605,566642
861,17,ΐ쌧,,22,2010,1169788,564972,604816
862,18,䌧,,22,2010,806314,389712,416602
863,19,R,,22,2010,863075,422526,440549
864,20,쌧,,22,2010,2152449,1046178,1106271
865,21,򕌌,,22,2010,2080773,1006247,1074526
866,22,É,,22,2010,3765007,1853952,1911055
867,23,m,,22,2010,7410719,3704220,3706499
868,24,Od,,22,2010,1854724,903398,951326
869,25,ꌧ,,22,2010,1410777,696769,714008
870,26,s{,,22,2010,2636092,1265387,1370705
871,27,{,,22,2010,8865245,4285566,4579679
872,28,Ɍ,,22,2010,5588133,2673328,2914805
873,29,ޗǌ,,22,2010,1400728,663321,737407
874,30,a̎R,,22,2010,1002198,471397,530801
875,31,挧,,22,2010,588667,280701,307966
876,32,,,22,2010,717397,342991,374406
877,33,R,,22,2010,1945276,933168,1012108
878,34,L,,22,2010,2860750,1380671,1480079
879,35,R,,22,2010,1451338,684176,767162
880,36,,,22,2010,785491,372710,412781
881,37,쌧,,22,2010,995842,479951,515891
882,38,Q,,22,2010,1431493,673326,758167
883,39,m,,22,2010,764456,359134,405322
884,40,,,22,2010,5071968,2393965,2678003
885,41,ꌧ,,22,2010,849788,400136,449652
886,42,茧,,22,2010,1426779,665899,760880
887,43,F{,,22,2010,1817426,853514,963912
888,44,啪,,22,2010,1196529,564890,631639
889,45,{茧,,22,2010,1135233,533035,602198
890,46,,,22,2010,1706242,796896,909346
891,47,ꌧ,,22,2010,1392818,683328,709490
892,1,kC,,27,2015,5381733,2537089,2844644
893,2,X,,27,2015,1308265,614694,693571
894,3,茧,,27,2015,1279594,615584,664010
895,4,{錧,,27,2015,2333899,1140167,1193732
896,5,Hc,,27,2015,1023119,480336,542783
897,6,R`,,27,2015,1123891,540226,583665
898,7,,,27,2015,1914039,945660,968379
899,8,錧,,27,2015,2916976,1453594,1463382
900,9,Ȗ،,,27,2015,1974255,981626,992629
901,10,Qn,,27,2015,1973115,973283,999832
902,11,ʌ,,27,2015,7266534,3628418,3638116
903,12,t,,27,2015,6222666,3095860,3126806
904,13,s,,27,2015,13515271,6666690,6848581
905,14,_ސ쌧,,27,2015,9126214,4558978,4567236
906,15,V,,27,2015,2304264,1115413,1188851
907,16,xR,,27,2015,1066328,515147,551181
908,17,ΐ쌧,,27,2015,1154008,558589,595419
909,18,䌧,,27,2015,786740,381474,405266
910,19,R,,27,2015,834930,408327,426603
911,20,쌧,,27,2015,2098804,1022129,1076675
912,21,򕌌,,27,2015,2031903,983850,1048053
913,22,É,,27,2015,3700305,1820993,1879312
914,23,m,,27,2015,7483128,3740844,3742284
915,24,Od,,27,2015,1815865,883516,932349
916,25,ꌧ,,27,2015,1412916,696941,715975
917,26,s{,,27,2015,2610353,1248972,1361381
918,27,{,,27,2015,8839469,4256049,4583420
919,28,Ɍ,,27,2015,5534800,2641561,2893239
920,29,ޗǌ,,27,2015,1364316,643946,720370
921,30,a̎R,,27,2015,963579,453216,510363
922,31,挧,,27,2015,573441,273705,299736
923,32,,,27,2015,694352,333112,361240
924,33,R,,27,2015,1921525,922226,999299
925,34,L,,27,2015,2843990,1376211,1467779
926,35,R,,27,2015,1404729,665008,739721
927,36,,,27,2015,755733,359790,395943
928,37,쌧,,27,2015,976263,472308,503955
929,38,Q,,27,2015,1385262,654380,730882
930,39,m,,27,2015,728276,342672,385604
931,40,,,27,2015,5101556,2410418,2691138
932,41,ꌧ,,27,2015,832832,393073,439759
933,42,茧,,27,2015,1377187,645763,731424
934,43,F{,,27,2015,1786170,841046,945124
935,44,啪,,27,2015,1166338,551932,614406
936,45,{茧,,27,2015,1104069,519242,584827
937,46,,,27,2015,1648177,773061,875116
938,47,ꌧ,,27,2015,1433566,704619,728947
